termo,logito,estimativa,erro_padrao_bootstrap,ic95_bootstrap_inferior,ic95_bootstrap_superior
1,brancas_vs_empate,-0.063293944097378,0.049138826339654156,-0.1519661200518713,0.03923565496721196
1,pretas_vs_empate,-0.3472362788536712,0.04736042888868793,-0.4419000086882509,-0.25273468645749264
d,brancas_vs_empate,1.5411923181391856,0.07263631090158375,1.3968402431630416,1.6767614356535896
d,pretas_vs_empate,-1.2735738865326491,0.07224472443096529,-1.3981860359567664,-1.1218304771967509
m,brancas_vs_empate,-0.5446241912684826,0.0480092759152743,-0.6312257552999874,-0.4474892762919152
m,pretas_vs_empate,-0.6269416834941763,0.0476289666682278,-0.715891734513998,-0.5322183838545922
d2,brancas_vs_empate,0.5913289626527206,0.0983041965809374,0.41128649062524797,0.798317980475848
d2,pretas_vs_empate,0.5461220449705618,0.11392554465864811,0.3291174929687638,0.7716124076901334
m2,brancas_vs_empate,-0.1656025805001491,0.05606738002568158,-0.284153430469787,-0.061313165796590866
m2,pretas_vs_empate,-0.20942750158280282,0.051122476263956385,-0.33601074553526844,-0.12897019683832978
d*m,brancas_vs_empate,0.3778858657542686,0.10736394398482671,0.19105946238448263,0.5980511236287208
d*m,pretas_vs_empate,-0.1522447003834769,0.13084781280836397,-0.41645569536386007,0.1037579238007938
