media_elo,diferenca_elo,elo_brancas,elo_pretas,extrapolacao_marginal,vitoria_brancas,vitoria_brancas_ic95_inferior,vitoria_brancas_ic95_superior,empate,empate_ic95_inferior,empate_ic95_superior,vitoria_pretas,vitoria_pretas_ic95_inferior,vitoria_pretas_ic95_superior
1800.0,-300.0,1650.0,1950.0,False,0.15425174189786822,0.11822745893424302,0.2131425964979114,0.19300490180585034,0.158816271399576,0.2384446850556389,0.6527433562962814,0.5575366508684606,0.7146933963262709
1800.0,-200.0,1700.0,1900.0,False,0.21979441692950946,0.18515395927353978,0.2691789736525421,0.24734545427979454,0.21951432792819997,0.28623147586455583,0.532860128790696,0.4615516847235097,0.5809415528433104
1800.0,-100.0,1750.0,1850.0,False,0.3011032376864582,0.2666556449176418,0.33850450003628446,0.2830416541299125,0.2551252607298539,0.3167859816970198,0.4158551081836293,0.37088868738832337,0.4471341843585131
1800.0,0.0,1800.0,1800.0,False,0.3981508901543991,0.36729885360210335,0.4255466646126638,0.2903547315642007,0.2641536997782136,0.3210757522092172,0.3114943782814003,0.2870114015673803,0.3349811949990687
1800.0,100.0,1850.0,1750.0,False,0.5086147629150091,0.47203779885279157,0.5352280982565831,0.2672483936456763,0.2427023217759786,0.2968510806569267,0.22413684343931475,0.20298069441134198,0.24678501571767014
1800.0,200.0,1900.0,1700.0,False,0.625608621164474,0.5755489756210231,0.6623939748439693,0.219974545248722,0.19694990496596984,0.25184696105807286,0.15441683358680391,0.1303911619493843,0.18223616229691006
1800.0,300.0,1950.0,1650.0,False,0.7374633327032722,0.6720325344441764,0.7794983828978437,0.16115817259046258,0.13635786202133707,0.19807657756121885,0.1013784947062651,0.07751899312740619,0.13676599565830722
2100.0,-300.0,1950.0,2250.0,False,0.11656556898059682,0.10342924111975865,0.1354706864959324,0.23237677705993862,0.2095872670949019,0.2542221936086303,0.6510576539594646,0.6140754385896453,0.6823857696359713
2100.0,-200.0,2000.0,2200.0,False,0.17961609498656667,0.16539067554250972,0.1977250706693933,0.300016661167665,0.2823172232740232,0.3168998041938349,0.5203672438457684,0.492583153814124,0.5447637844386469
2100.0,-100.0,2050.0,2150.0,False,0.2635699306146721,0.24864162340491383,0.2803253352348967,0.3425881286118041,0.3233633380168038,0.3615444868012819,0.39384194077352386,0.37497811789422,0.41301765079240277
2100.0,0.0,2100.0,2100.0,False,0.36958154866333204,0.3532141150745183,0.38807624331954926,0.34718558832187935,0.3268752275562402,0.3669866993629704,0.28323286301478867,0.2686498593858052,0.2982118064582062
2100.0,100.0,2150.0,2050.0,False,0.49470989837179735,0.47583857386488954,0.5165440725742797,0.31194325970195397,0.2926369401917073,0.3292293718081923,0.19334684192624849,0.18042146428653738,0.20736730625418415
2100.0,200.0,2200.0,2000.0,False,0.6284223692967044,0.6007611370030246,0.653672166041168,0.2470295324416365,0.22956821760193466,0.26398563248458595,0.12454809826165923,0.11162930049259699,0.1405853849577864
2100.0,300.0,2250.0,1950.0,False,0.7532753839410434,0.7173467579799596,0.7801861327295279,0.17144384077835637,0.152395324150362,0.19255813610310155,0.07528077528060012,0.06259849487784548,0.09339886214983566
2400.0,-300.0,2250.0,2550.0,False,0.08443096109418527,0.07130775043713372,0.10014712425144026,0.32308639155322133,0.301671652740106,0.34693387631585404,0.5924826473525934,0.5611308754940639,0.6187080030824367
2400.0,-200.0,2300.0,2500.0,False,0.1373171038981502,0.12403778040407103,0.1521196633785168,0.41015492242512236,0.3918176489512057,0.4278423693162302,0.4525279736767274,0.42871976888042274,0.47378085991113167
2400.0,-100.0,2350.0,2450.0,False,0.21257319044380454,0.1994074258151065,0.22647097452559434,0.4602955541233493,0.440605561052798,0.47880598386044204,0.3271312554328461,0.31144828012976156,0.34138209565365285
2400.0,0.0,2400.0,2400.0,False,0.3152092027657882,0.300432792212666,0.3310267601043548,0.45954792706746245,0.4381956051066136,0.48008728044764126,0.2252428701667494,0.21553043390249765,0.23489452335682617
2400.0,100.0,2450.0,2350.0,False,0.4461091288962096,0.4241695025610239,0.468631860031035,0.4067010593480393,0.385220572119399,0.42728232043736214,0.14718981175575102,0.13722571887500332,0.15835889407734718
2400.0,200.0,2500.0,2300.0,False,0.5949029507314364,0.5641823800910425,0.6211906985114904,0.314978726905876,0.29339507004728105,0.33653248825135396,0.09011832236268766,0.07909798034407228,0.10448544026615611
2400.0,300.0,2550.0,2250.0,False,0.7381475864253376,0.7025625361809048,0.7652237606997525,0.2108035150451085,0.18922803586616913,0.23525903728334358,0.0510488985295539,0.04056238595449571,0.06581955202887384
2700.0,-300.0,2550.0,2850.0,True,0.054818641168398116,0.039069465460745495,0.0753528974956023,0.48512093719166693,0.43957543979598257,0.5344791145059817,0.460060421639935,0.40484885761484396,0.5083237230307395
2700.0,-200.0,2600.0,2800.0,False,0.09088058159218405,0.07190623079098961,0.11262217878444748,0.5848276299941811,0.5539327717653484,0.619768678575962,0.3242917884136347,0.28800880905045395,0.3568036933426333
2700.0,-100.0,2650.0,2750.0,False,0.14588617881345195,0.12464554920072224,0.16459816219850798,0.6340224019557011,0.6049383042198848,0.6649690204432797,0.22009141923084696,0.20095118815855498,0.23948297360389528
2700.0,0.0,2700.0,2700.0,False,0.22934578701491617,0.2039058310107921,0.2493599894275858,0.6251921652315565,0.5988090538513382,0.658248135647681,0.1454620477535274,0.13195601032694665,0.16116722504459738
2700.0,100.0,2750.0,2650.0,False,0.3504896352893088,0.3158473101759589,0.37813554275481476,0.5565816481968618,0.528829623571399,0.5904029939156534,0.09292871651382939,0.07821661831192186,0.10904859075703965
2700.0,200.0,2800.0,2600.0,False,0.5077708781860557,0.46300524397814585,0.5474349104004818,0.4362657028880119,0.40122644201604335,0.47608528982576376,0.05596341892593237,0.0417837641584089,0.07386964126301453
2700.0,300.0,2850.0,2550.0,True,0.6769174031885274,0.6209485190330433,0.7218221438095909,0.29224506012171597,0.25312413401412054,0.33785072127188115,0.03083753668975663,0.01985062859735632,0.04735177374998686
